fCDQ0Rf-ypA,UCM64mMdJ-D4p69H3tk5jKYw,vocal
fCDQ0Rf-ypA,UC82Ol3WSh4EAEHPSLtyPcyw,vocal
fCDQ0Rf-ypA,UCh3u4RtjWGWaUTEFKAQCcAw,vocal
fCDQ0Rf-ypA,UCu-kvUaoBTVQtjrYwQoTYzg,vocal
fCDQ0Rf-ypA,UCrceQChH2OEEPYR--P96YnA,vocal
fCDQ0Rf-ypA,UCMXXk0AFSRJ9yLrprESsO6A,vocal
fCDQ0Rf-ypA,UCuyKg5ymF_71s8ANWb3qr1g,vocal
fCDQ0Rf-ypA,[June],vocal
fCDQ0Rf-ypA,UC4Gey32zihPfQEH_aRE2jzQ,vocal
fCDQ0Rf-ypA,UCdNWnYLF_SajfNifXZ-qFtg,vocal
fCDQ0Rf-ypA,UCYN8S_-UspD24Pa8iuPtEpA,vocal
fCDQ0Rf-ypA,UCx_vNT8sE4WI-NvTJDiP5DA,vocal
fCDQ0Rf-ypA,UCADt2uTXkK1dFAhaSvYzvQA,vocal
fCDQ0Rf-ypA,UCFZ0tXYzXG41QB4ybPBHUgw,vocal
fCDQ0Rf-ypA,UCsQS2tBaka-dbZ_O7CNF-ag,vocal
fCDQ0Rf-ypA,/merrkstarr,vocal
fCDQ0Rf-ypA,UCNk4Cwaea-O45AAvbP-28MA,vocal
fCDQ0Rf-ypA,UCHV60B-ox9Ra-jo9V3tz-jQ,vocal
fCDQ0Rf-ypA,UCjKfDPaRLFEDikvtKfY9vMw,vocal
fCDQ0Rf-ypA,UCKcVVsB3xRI8htaVyrvN7Zg,vocal
fCDQ0Rf-ypA,UCsMOioOW-dkztcjGQdtS8mw,vocal
fCDQ0Rf-ypA,UCoA7n33v0ASUhwbszqdIFnA,vocal
fCDQ0Rf-ypA,UCZXbp7pmjjjqN8dCEfORDew,vocal
fCDQ0Rf-ypA,UCXfykXB6FMSY7Jnbr1aM5KQ,vocal
fCDQ0Rf-ypA,UCCrRrZ42klvWtDjJtxYWUZw,vocal
fCDQ0Rf-ypA,UCAdBWXIktW3g8ffuX4-i6UQ,vocal
fCDQ0Rf-ypA,UCImIvvLJ4HUmeRKar7DmeCw,vocal
fCDQ0Rf-ypA,UCEto6xY5IE-VhfSfDM74rwg,vocal
fCDQ0Rf-ypA,UC1waj9jiZPICFC5jS-kDcBg,vocal
fCDQ0Rf-ypA,UC0NJU1K-_S1EKYzTHFb0_dg,vocal
fCDQ0Rf-ypA,/ryho6404,mix
fCDQ0Rf-ypA,UC82Ol3WSh4EAEHPSLtyPcyw,mix
fCDQ0Rf-ypA,UCZXbp7pmjjjqN8dCEfORDew,mix
fCDQ0Rf-ypA,UC4Gey32zihPfQEH_aRE2jzQ,mix
fCDQ0Rf-ypA,UCx_vNT8sE4WI-NvTJDiP5DA,mix
fCDQ0Rf-ypA,UCoA7n33v0ASUhwbszqdIFnA,mix
fCDQ0Rf-ypA,UCEto6xY5IE-VhfSfDM74rwg,mix
fCDQ0Rf-ypA,UCdu8WCbQu4b3Mk1nIM8-fHw,mix
fCDQ0Rf-ypA,UC82Ol3WSh4EAEHPSLtyPcyw,art
fCDQ0Rf-ypA,UCh3u4RtjWGWaUTEFKAQCcAw,art
fCDQ0Rf-ypA,UCu-kvUaoBTVQtjrYwQoTYzg,art
fCDQ0Rf-ypA,[June],art
fCDQ0Rf-ypA,UCjKfDPaRLFEDikvtKfY9vMw,art
fCDQ0Rf-ypA,/merrkstarr,art
fCDQ0Rf-ypA,UCNk4Cwaea-O45AAvbP-28MA,art
fCDQ0Rf-ypA,UCAdBWXIktW3g8ffuX4-i6UQ,art
fCDQ0Rf-ypA,UCFZ0tXYzXG41QB4ybPBHUgw,video
fCDQ0Rf-ypA,UCEto6xY5IE-VhfSfDM74rwg,video
fCDQ0Rf-ypA,UCoA7n33v0ASUhwbszqdIFnA,video
fCDQ0Rf-ypA,UCh3u4RtjWGWaUTEFKAQCcAw,video
fCDQ0Rf-ypA,UCZXbp7pmjjjqN8dCEfORDew,organize
ORVH8rl6WFo,UC828xfukvJqNAcHo1fTjnLQ,vocal
ORVH8rl6WFo,UCh3u4RtjWGWaUTEFKAQCcAw,vocal
ORVH8rl6WFo,UCu-kvUaoBTVQtjrYwQoTYzg,vocal
ORVH8rl6WFo,/MyNamesNotRic_,vocal
ORVH8rl6WFo,UCubiXaYBcxbILQAlsvHo7qg,vocal
ORVH8rl6WFo,UCAA4zHQ-mJJANZvKZ8V7NCQ,vocal
ORVH8rl6WFo,UCKQ5Jm-wB8PLPqvXg85WYsQ,vocal
ORVH8rl6WFo,UCFZ0tXYzXG41QB4ybPBHUgw,vocal
ORVH8rl6WFo,UCsWGFTZ5SxWLRWvwiw6vwNw,vocal
ORVH8rl6WFo,UCudhxNRb28VhCzDW17yENcQ,vocal
ORVH8rl6WFo,UCHV60B-ox9Ra-jo9V3tz-jQ,vocal
ORVH8rl6WFo,UCjKfDPaRLFEDikvtKfY9vMw,vocal
ORVH8rl6WFo,UChHfCsrJ_GLWg6iMJMRURYg,vocal
ORVH8rl6WFo,UC7i0hRbjBBzgA6f4WJGTKEA,vocal
ORVH8rl6WFo,UC45BcPoxK3EIg7yMQsSY-UA,vocal
ORVH8rl6WFo,UCAdBWXIktW3g8ffuX4-i6UQ,vocal
ORVH8rl6WFo,UCoDeGl8J4Yon316NM7I89-A,vocal
ORVH8rl6WFo,UC1waj9jiZPICFC5jS-kDcBg,vocal
ORVH8rl6WFo,UCK76-eh0z0s8Jk-lmeTbvWw,vocal
ORVH8rl6WFo,UCFBXZw1ZrnWSUtB3eE7ib1g,vocal
ORVH8rl6WFo,UCbmHCgjXYsff7ErW87rT_AA,vocal
ORVH8rl6WFo,UC7o9p5rmWZUaAdixpH179QQ,vocal
ORVH8rl6WFo,/Hinokamimars,mix
ORVH8rl6WFo,UC7i0hRbjBBzgA6f4WJGTKEA,art
ORVH8rl6WFo,UC828xfukvJqNAcHo1fTjnLQ,art
ORVH8rl6WFo,UCjKfDPaRLFEDikvtKfY9vMw,video
ORVH8rl6WFo,UCK76-eh0z0s8Jk-lmeTbvWw,video
ORVH8rl6WFo,UC828xfukvJqNAcHo1fTjnLQ,video
ORVH8rl6WFo,UC828xfukvJqNAcHo1fTjnLQ,guide
ORVH8rl6WFo,UC828xfukvJqNAcHo1fTjnLQ,mix
ORVH8rl6WFo,UCAdBWXIktW3g8ffuX4-i6UQ,mix
ORVH8rl6WFo,UC828xfukvJqNAcHo1fTjnLQ,organize
deh0ZD4Q7r4,UC1NPW7H2RFbW7KcavA6H-6w,vocal
deh0ZD4Q7r4,UChHfCsrJ_GLWg6iMJMRURYg,vocal
deh0ZD4Q7r4,UC0NJU1K-_S1EKYzTHFb0_dg,vocal
deh0ZD4Q7r4,UC1waj9jiZPICFC5jS-kDcBg,vocal
deh0ZD4Q7r4,UCBez3VloC7zu-5PB84YAYbA,vocal
deh0ZD4Q7r4,UCq_DgJ4y3_WznOZZOM1Z3_A,vocal
deh0ZD4Q7r4,UCXfykXB6FMSY7Jnbr1aM5KQ,vocal
deh0ZD4Q7r4,UCjKfDPaRLFEDikvtKfY9vMw,vocal
deh0ZD4Q7r4,UCAdBWXIktW3g8ffuX4-i6UQ,vocal
deh0ZD4Q7r4,UCHV60B-ox9Ra-jo9V3tz-jQ,vocal
deh0ZD4Q7r4,UCsQS2tBaka-dbZ_O7CNF-ag,vocal
deh0ZD4Q7r4,UCSJHG1yd1jqiYcaB0iVyskg,vocal
deh0ZD4Q7r4,UCx-EPHR2ZoVGBMBSIOUo2pg,vocal
deh0ZD4Q7r4,UC4Gey32zihPfQEH_aRE2jzQ,vocal
deh0ZD4Q7r4,UCXfykXB6FMSY7Jnbr1aM5KQ,art
deh0ZD4Q7r4,UCHV60B-ox9Ra-jo9V3tz-jQ,mix
deh0ZD4Q7r4,UChHfCsrJ_GLWg6iMJMRURYg,mix
deh0ZD4Q7r4,UChHfCsrJ_GLWg6iMJMRURYg,video
deh0ZD4Q7r4,UCHV60B-ox9Ra-jo9V3tz-jQ,guide
deh0ZD4Q7r4,UCsQS2tBaka-dbZ_O7CNF-ag,guide
deh0ZD4Q7r4,UChHfCsrJ_GLWg6iMJMRURYg,misc
deh0ZD4Q7r4,UCHV60B-ox9Ra-jo9V3tz-jQ,misc
deh0ZD4Q7r4,UChHfCsrJ_GLWg6iMJMRURYg,organize
4adKfeLDB_w,UC7Es267VDlq-rzCyBveTGEw,vocal
4adKfeLDB_w,UCsQS2tBaka-dbZ_O7CNF-ag,vocal
4adKfeLDB_w,UCxmGLVtCyLlngVA1tP2Mirw,vocal
4adKfeLDB_w,UCzS6dgL1kJ_6WIytMCNX8tg,vocal
4adKfeLDB_w,UClKFMDiSLBMzuC9jZO9zQKQ,vocal
4adKfeLDB_w,UC4pt4Qjj8ZIF6sHTF4hKRFw,vocal
4adKfeLDB_w,UC-2Qm2iO9DqExyxLLIZLC1Q,vocal
4adKfeLDB_w,UCVoT7xh2YNLnvI3dsm-RAmg,vocal
4adKfeLDB_w,UCgup8N8ZQZiPICAj-bCKqpw,vocal
4adKfeLDB_w,UCudhxNRb28VhCzDW17yENcQ,mix
4adKfeLDB_w,UCudhxNRb28VhCzDW17yENcQ,lyrics
4adKfeLDB_w,UCudhxNRb28VhCzDW17yENcQ,video
4adKfeLDB_w,UC1ulzr1wFb0xtPzQv1egQIA,translate
ze6_1Avlvio,UCudhxNRb28VhCzDW17yENcQ,organize
RY_Q2T1Tg2k,UCVoT7xh2YNLnvI3dsm-RAmg,vocal
RY_Q2T1Tg2k,UCgup8N8ZQZiPICAj-bCKqpw,vocal
RY_Q2T1Tg2k,UCzS6dgL1kJ_6WIytMCNX8tg,vocal
RY_Q2T1Tg2k,UC-2Qm2iO9DqExyxLLIZLC1Q,vocal
RY_Q2T1Tg2k,UClKFMDiSLBMzuC9jZO9zQKQ,vocal
RY_Q2T1Tg2k,UCxmGLVtCyLlngVA1tP2Mirw,vocal
RY_Q2T1Tg2k,UC4pt4Qjj8ZIF6sHTF4hKRFw,vocal
RY_Q2T1Tg2k,UCsQS2tBaka-dbZ_O7CNF-ag,vocal
RY_Q2T1Tg2k,UC7Es267VDlq-rzCyBveTGEw,vocal
RY_Q2T1Tg2k,UC4pt4Qjj8ZIF6sHTF4hKRFw,video
RY_Q2T1Tg2k,UCudhxNRb28VhCzDW17yENcQ,mix
RY_Q2T1Tg2k,UCudhxNRb28VhCzDW17yENcQ,lyrics
RY_Q2T1Tg2k,UCdBMEb3Tkd9HBFKSi258k5g,lyrics
RY_Q2T1Tg2k,/Tora_theTiger,translate
ze6_1Avlvio,UCudhxNRb28VhCzDW17yENcQ,organize
ze6_1Avlvio,UCVoT7xh2YNLnvI3dsm-RAmg,vocal
ze6_1Avlvio,UCgup8N8ZQZiPICAj-bCKqpw,vocal
ze6_1Avlvio,UC7Es267VDlq-rzCyBveTGEw,vocal
ze6_1Avlvio,UCsQS2tBaka-dbZ_O7CNF-ag,vocal
ze6_1Avlvio,UC-2Qm2iO9DqExyxLLIZLC1Q,vocal
ze6_1Avlvio,UClKFMDiSLBMzuC9jZO9zQKQ,vocal
ze6_1Avlvio,UC4pt4Qjj8ZIF6sHTF4hKRFw,vocal
ze6_1Avlvio,UCzS6dgL1kJ_6WIytMCNX8tg,vocal
ze6_1Avlvio,UCxmGLVtCyLlngVA1tP2Mirw,vocal
ze6_1Avlvio,UCxmGLVtCyLlngVA1tP2Mirw,misc
ze6_1Avlvio,UCudhxNRb28VhCzDW17yENcQ,lyrics
ze6_1Avlvio,UCudhxNRb28VhCzDW17yENcQ,video
ze6_1Avlvio,UCudhxNRb28VhCzDW17yENcQ,mix
ze6_1Avlvio,UC1ulzr1wFb0xtPzQv1egQIA,translate
ze6_1Avlvio,UCudhxNRb28VhCzDW17yENcQ,organize
-Z0Zyk1QvT0,UCxmGLVtCyLlngVA1tP2Mirw,organize
-Z0Zyk1QvT0,"[Lucinda E.]",vocal
-Z0Zyk1QvT0,UC8FSDVvuM8tT3tVe2eTqoDw,vocal
-Z0Zyk1QvT0,UCxmGLVtCyLlngVA1tP2Mirw,vocal
-Z0Zyk1QvT0,UCwTnQLG0wnTyIQutAahm9ig,vocal
-Z0Zyk1QvT0,UCLCXLbojzs9njxJKzGY9oiA,vocal
-Z0Zyk1QvT0,UC0SuBCGhW2VgmUe8HmiBWNw,vocal
-Z0Zyk1QvT0,UC4pt4Qjj8ZIF6sHTF4hKRFw,vocal
-Z0Zyk1QvT0,UCzS6dgL1kJ_6WIytMCNX8tg,vocal
-Z0Zyk1QvT0,UC6Lr2o03yS8Tt4E9sS7nZOg,vocal
-Z0Zyk1QvT0,UC8FSDVvuM8tT3tVe2eTqoDw,mix
-Z0Zyk1QvT0,UCzS6dgL1kJ_6WIytMCNX8tg,mix
-Z0Zyk1QvT0,UCxmGLVtCyLlngVA1tP2Mirw,video
yyOxcfvr-IM,UCZXbp7pmjjjqN8dCEfORDew,organize
yyOxcfvr-IM,UCZXbp7pmjjjqN8dCEfORDew,vocal
yyOxcfvr-IM,UCFZ0tXYzXG41QB4ybPBHUgw,vocal
yyOxcfvr-IM,UCH4Okh3kaBIs6yjukOdCvRQ,vocal
yyOxcfvr-IM,UCsQS2tBaka-dbZ_O7CNF-ag,vocal
yyOxcfvr-IM,UCzS6dgL1kJ_6WIytMCNX8tg,vocal
yyOxcfvr-IM,UCBM77DO0yEAjTtVfnUeu1_A,vocal
yyOxcfvr-IM,UCSqj4s1SFGn0av7Q2BNx29Q,vocal
yyOxcfvr-IM,UCRlyFOfQoKxTvvfIlDBlGBQ,vocal
yyOxcfvr-IM,UCcgIMyHDmT6TNgPjQfbuvJg,vocal
yyOxcfvr-IM,UCZXbp7pmjjjqN8dCEfORDew,mix
yyOxcfvr-IM,UCRlyFOfQoKxTvvfIlDBlGBQ,mix
yyOxcfvr-IM,UCZXbp7pmjjjqN8dCEfORDew,video
yyOxcfvr-IM,UCZXbp7pmjjjqN8dCEfORDew,lyrics
yyOxcfvr-IM,UCFZ0tXYzXG41QB4ybPBHUgw,lyrics
pAUGJtVNbnc,UCBM77DO0yEAjTtVfnUeu1_A,organize
pAUGJtVNbnc,UCBM77DO0yEAjTtVfnUeu1_A,vocal
pAUGJtVNbnc,UCjySTKIgbyrtyY4aUhChGEw,vocal
pAUGJtVNbnc,UCZXbp7pmjjjqN8dCEfORDew,vocal
pAUGJtVNbnc,UCC0RJ5_JnQepCZo39i5hTog,vocal
pAUGJtVNbnc,UCV5moAEtKLE_XkiVIssRLAA,vocal
pAUGJtVNbnc,UCvvnll8W5YqI_3NAUn4PwfQ,vocal
pAUGJtVNbnc,UCC0RJ5_JnQepCZo39i5hTog,mix
pAUGJtVNbnc,UCBM77DO0yEAjTtVfnUeu1_A,mix
pAUGJtVNbnc,UCBM77DO0yEAjTtVfnUeu1_A,art
pAUGJtVNbnc,UCvvnll8W5YqI_3NAUn4PwfQ,video
BCNa-lJKUrk,UCx-EPHR2ZoVGBMBSIOUo2pg,organize
BCNa-lJKUrk,UCx-EPHR2ZoVGBMBSIOUo2pg,vocal
BCNa-lJKUrk,UC1waj9jiZPICFC5jS-kDcBg,vocal
BCNa-lJKUrk,UC4Gey32zihPfQEH_aRE2jzQ,vocal
BCNa-lJKUrk,UCLCXLbojzs9njxJKzGY9oiA,vocal
BCNa-lJKUrk,UC9qWyO3TzZdy845-uEx3pqQ,vocal
BCNa-lJKUrk,UCAdBWXIktW3g8ffuX4-i6UQ,vocal
BCNa-lJKUrk,UCSJHG1yd1jqiYcaB0iVyskg,vocal
BCNa-lJKUrk,UCxnQ-E6mfOZ61-Wj2PmY0aA,vocal
BCNa-lJKUrk,UC-4Ao4BQkay9kLSkJnqM_Hg,vocal
BCNa-lJKUrk,UCADt2uTXkK1dFAhaSvYzvQA,vocal
BCNa-lJKUrk,UCDRsFo08-WO7l8X6BOxGWHA,vocal
BCNa-lJKUrk,UCgup8N8ZQZiPICAj-bCKqpw,vocal
BCNa-lJKUrk,UCx-EPHR2ZoVGBMBSIOUo2pg,mix
BCNa-lJKUrk,UC4Gey32zihPfQEH_aRE2jzQ,mix
BCNa-lJKUrk,UCSJHG1yd1jqiYcaB0iVyskg,art
BCNa-lJKUrk,/Belinda_Ocha_,art
BCNa-lJKUrk,UCahYebz1aFo6n321FtVfFwA,video
GsIKt-IkbKY,UCKcVVsB3xRI8htaVyrvN7Zg,vocal
GsIKt-IkbKY,UCrceQChH2OEEPYR--P96YnA,vocal
GsIKt-IkbKY,UCsMOioOW-dkztcjGQdtS8mw,vocal
GsIKt-IkbKY,UCHV60B-ox9Ra-jo9V3tz-jQ,vocal
GsIKt-IkbKY,UCEto6xY5IE-VhfSfDM74rwg,vocal
GsIKt-IkbKY,UCdNWnYLF_SajfNifXZ-qFtg,vocal
GsIKt-IkbKY,UCFZ0tXYzXG41QB4ybPBHUgw,vocal
GsIKt-IkbKY,UC1waj9jiZPICFC5jS-kDcBg,vocal
GsIKt-IkbKY,/ryho6404,mix
GsIKt-IkbKY,UCKcVVsB3xRI8htaVyrvN7Zg,art
GsIKt-IkbKY,UCFZ0tXYzXG41QB4ybPBHUgw,video
GsIKt-IkbKY,UCEto6xY5IE-VhfSfDM74rwg,misc
